site,description
http://amazon.it,
http://it.wikipedia.org,
http://ebay.it,
http://repubblica.it,
http://libero.it,
http://subito.it,
http://corriere.it,
http://tim.it ,
http://mediaset.it,
http://gazzetta.it,
http://poste.it,
http://ilfattoquotidiano.it,
http://dagospia.com,
http://mymovies.it,
http://virgilio.it,
http://amaporn.com,
http://unicredit.it,
http://caffeinamagazine.it,
http://ansa.it,
http://ilmeteo.it,
http://beppegrillo.it,
http://lastampa.it,
http://ilsole24ore.com,
http://ilpost.it,
http://www.report.rai.it,
